Date,Open,High,Low,Close,Adj Close,Volume,Daily_Return,Cumulative_Return,MA_20,MA_50,Volatility_7,Volatility_30,Spread
2025-03-31,20052.437400560335,20102.970743292677,19993.18001823431,20022.203545346758,20022.203545346758,3960760,,,,,,,0.005483448652877294
2025-04-01,19744.538840631634,20123.326099561607,19720.757449870933,19751.514682705732,19751.514682705732,2413964,-0.013519434163575594,-0.013519434163575594,,,,,0.02038165964269872
2025-04-02,19555.571294260073,19572.421138370097,19550.185740170444,19566.806307109426,19566.806307109426,2352693,-0.009351605614228431,-0.02274461136137873,,,,,0.0011363836208453679
2025-04-03,19376.496074585866,19358.183634272456,19201.711032164923,19339.430388835797,19339.430388835797,4817548,-0.011620492108158409,-0.03410079989270909,,,,,0.00809085888061424
2025-04-04,19394.24203360879,19432.81143866583,19157.618901768332,19335.727202458216,19335.727202458216,1450361,-0.00019148373572153154,-0.03428575387987609,,,,,0.014232334476797583
2025-04-07,19385.23478674047,19635.12795620816,19049.84712346075,19403.18685067925,19403.18685067925,4301818,0.0034888601558495935,-0.03091651192465128,,,,,0.030164160003794595
2025-04-08,19375.71364382456,19541.83690167718,19249.087511175218,19340.50177347424,19340.50177347424,2817109,-0.0032306588442101436,-0.0340472900661799,,,,,0.015136597484945901
2025-04-09,19239.4081751162,19359.340764856224,19178.34198217173,19261.370321573137,19261.370321573137,4105361,-0.0040914890848195995,-0.03799947503532608,,,0.006227898788182306,,0.009396983686138519
2025-04-10,19231.67989656386,19327.890314658176,19114.157698063675,19280.889882214455,19280.889882214455,1173047,0.0010134045665202152,-0.037024579310331984,,,0.005488309328819164,,0.01108520498276679
2025-04-11,19278.4557340211,19430.246076456613,19164.27980957198,19266.38353650673,19266.38353650673,2531961,-0.0007523690968799235,-0.037749092257913786,,,0.004868341542243377,,0.013804680384394323
2025-04-14,19810.389268081348,19911.4618952627,19486.910703216316,19792.582371449567,19792.582371449567,4443858,0.027311759570537664,-0.011468326819130348,,,0.01086044719230233,,0.02145001516622664
2025-04-15,19870.728575910518,19905.45929930933,19836.82525946223,19887.377148429114,19887.377148429114,3745748,0.004789409244358334,-0.0067338440852569015,,,0.010751294400747628,,0.003451135830273019
2025-04-16,19460.310421455015,19619.301531040917,19450.019992081932,19511.84094638904,19511.84094638904,3091994,-0.01888314377694289,-0.025489831716166367,,,0.013837141387835749,,0.008675836351070356
2025-04-17,19610.77027256495,19630.85160902483,19459.72191985141,19588.91086374571,19588.91086374571,1715020,0.003949904961219719,-0.02164060916770294,,,0.013747522443199624,,0.008736049204764075
2025-04-18,19737.41622807932,19925.389735606263,19707.68401509212,19757.328059947584,19757.328059947584,2452665,0.008597578363255032,-0.013229087637595782,,,0.0136613091714054,,0.011018985960732197
2025-04-21,19864.054932869276,19878.67478711475,19720.889528435942,19799.11008543513,19799.11008543513,4772728,0.0021147609312743842,-0.011142303064013759,,,0.013631277109964769,,0.00796931064062716
2025-04-22,19538.452600138797,19766.830392460113,19544.926265142174,19595.493143811032,19595.493143811032,1150382,-0.01028414614320905,-0.021311860134140548,,,0.014611455628786041,,0.011324243063922303
2025-04-23,19571.884097635655,19741.650477604766,19460.47206233803,19598.87882404286,19598.87882404286,3722981,0.0001727785163139206,-0.021142763849400503,,,0.009715005084009326,,0.014346658183416105
2025-04-24,19336.200056529728,19337.07089597026,19226.2145920883,19304.63699063992,19304.63699063992,4644133,-0.015013197236669384,-0.03583854060227054,,,0.01047801440701497,,0.005742470264305374
2025-04-25,19223.057476358033,19352.726262189273,19122.223636798397,19231.023141177575,19231.023141177575,2488191,-0.0038132729197672965,-0.039515151385675185,19531.759803298562,,0.00827254241737265,,0.011985978265364511
2025-04-28,19393.832567926456,19463.03993601337,19306.51259961057,19409.739560093363,19409.739560093363,2178803,0.009293131083240258,-0.03058923978403605,19501.136604035895,,0.009120355796596903,,0.008064370772115963
2025-04-29,19603.461721019958,19859.597758227053,19504.07123080089,19628.258587443663,19628.258587443663,4657916,0.011258215324000398,-0.01967540470812179,19494.97379927279,,0.009641000452746467,,0.018112993867606512
2025-04-30,19707.905345632673,19699.943587220503,19540.991712248568,19695.297346739917,19695.297346739917,4465276,0.003415420629272692,-0.01632718386197851,19501.398351254313,,0.009720898715317653,,0.008070549643072342
2025-05-01,19318.147227261117,19320.930490445044,19253.930676270098,19257.41416344369,19257.41416344369,2017876,-0.022232880041727743,-0.038197063583483626,19497.297539984713,,0.012370297974934254,,0.0034791698203246444
2025-05-02,19313.428121838795,19467.45714232167,19253.371415124828,19319.653576424054,19319.653576424054,3640848,0.0032319714605564265,-0.035088543942306094,19496.493858683003,,0.012530052602951506,,0.011081240476179777
2025-05-05,19285.11074383193,19246.210574301043,19205.688602696573,19234.18574345996,19234.18574345996,4963325,-0.004423880201888997,-0.03935719662933557,19488.043803322038,,0.011270199566327986,,0.002106768237810569
2025-05-06,19115.78313663057,19428.775712988852,19061.964249066885,19115.330217379444,19115.330217379444,2222901,-0.006179389534123003,-0.045293382714514885,19476.7852255173,,0.011421740258683708,,0.019189386725240384
2025-05-07,19077.553801420247,19131.930512258994,19025.031178303867,19123.17587720029,19123.17587720029,3600225,0.0004104381002905111,-0.04490153474418146,19469.875503298656,,0.01057484494921269,,0.005590040830120607
2025-05-08,19130.18168872789,19323.755118607565,18945.954786387367,19136.021879518878,19136.021879518878,2866986,0.000671750466610721,-0.04425994690448665,19462.632103163873,,0.008988311178107335,,0.01974288776417814
2025-05-09,18929.714778346704,18959.89350561768,18830.445568945546,18849.813157621054,18849.813157621054,2390825,-0.014956542362869585,-0.05855451349650087,19441.80358421959,,0.00928049346620612,,0.006867332614371243
2025-05-12,18964.20093698608,19086.34901635121,18920.690573762095,19007.694592682292,19007.694592682292,4500844,0.00837575596856266,-0.050669195843842774,19402.55919528123,,0.007516762755724677,0.010185048918898806,0.00871533587523509
2025-05-13,19160.79870725666,19097.793458711203,18911.92977348165,19086.324840228906,19086.324840228906,2913941,0.0041367587827767505,-0.04674204330198928,19362.506579871217,,0.007625478394339727,0.009985593118249508,0.009738055219399902
2025-05-14,19295.12502971422,19350.501670472742,19285.66649021083,19350.315205772516,19350.315205772516,2280037,0.013831388062053085,-0.03355716257965935,19354.430292840392,,0.009446549446593165,0.010218765496487158,0.0033506007303989276
2025-05-15,19342.211361207654,19453.738902840087,19288.868879429174,19401.828308653585,19401.828308653585,2786360,0.002662132494136271,-0.030984363698437378,19345.076165085786,,0.008918786262371584,0.010004608059551185,0.008497653973021588
2025-05-16,19124.516296172907,19115.057046454112,18973.624951968286,19111.603614214542,19111.603614214542,4859805,-0.01495862605430831,-0.04547950624265007,19312.789942799132,,0.01105714066347622,0.010378573071986417,0.0074003258617520795
2025-05-19,19157.17738699272,19163.196577378578,18971.80280614914,19098.397417491502,19098.397417491502,4462251,-0.0006910041140251177,-0.04613908383075771,19277.754309401953,,0.011054642078953009,0.010353474742531277,0.01002145714352707
2025-05-20,19144.007064376125,19143.708600737853,19108.535967113905,19117.52421015434,19117.52421015434,1361272,0.0010014867868086696,-0.04518380472676098,19253.855862719116,,0.008957784291883623,0.010343471776583065,0.001839811119750851
2025-05-21,19193.44289752073,19389.651547974852,19093.785470820338,19170.639274684578,19170.639274684578,2791261,0.0027783443057980417,-0.04253099658753978,19232.443885251203,,0.008539159355593512,0.010333473696316367,0.015433292177440059
2025-05-22,19179.453281006347,19192.242842000687,18900.254045265,19181.156027184028,19181.156027184028,1548788,0.0005485864268146567,-0.04200574208817198,19226.269837078413,,0.008444263546294673,0.010332086181957545,0.01522269024462728
2025-05-23,18994.050163862044,18996.778611936963,18813.622668656324,18981.717731216704,18981.717731216704,2575309,-0.010397616060506154,-0.05196659857010866,19213.804566580366,,0.0070306329963377035,0.010501088452177591,0.009649071062700859
2025-05-26,18844.60500969989,18832.08303909364,18742.415610913613,18808.28665714647,18808.28665714647,3417510,-0.00913674286626942,-0.06062853598760831,19183.73192143302,,0.006938324953476,0.009208136221663976,0.004767442660491122
2025-05-27,18921.876991278965,19080.23795380449,18783.303213410545,18894.837430412626,18894.837430412626,4470878,0.0046017361838364135,-0.056305796331599156,19147.060863581468,,0.005831539356758166,0.009203667863211725,0.015715125440349552
2025-05-28,18807.43233711961,18865.621656971005,18668.43943978592,18795.823824276926,18795.823824276926,4401253,-0.005240246522382419,-0.06125098660056494,19102.08718745832,,0.005963583403966193,0.008643519311570182,0.010490746190672447
2025-05-29,18844.60903245914,18895.03144029004,18786.11299308043,18841.42779265425,18841.42779265425,3802337,0.0024262819658067425,-0.05897331679893503,19081.287868918844,,0.006115960713866483,0.00861659465744881,0.005780795829712742
2025-05-30,18589.528189114848,18618.3506106994,18494.732488225276,18564.495387004477,18564.495387004477,4215399,-0.014698058379510881,-0.07280458192530181,19043.529959447867,,0.007269919974109131,0.00874632319974532,0.006658846356828976
2025-06-02,18601.726158382095,18770.12428407854,18488.2922591112,18588.084072913185,18588.084072913185,4639774,0.0012706343704456113,-0.0716264555589764,19011.22487592053,,0.007359004036618651,0.008733856740892073,0.015161972791915177
2025-06-03,18294.40589561589,18280.01379174499,18105.34866575655,18242.848471387784,18242.848471387784,2999849,-0.018572952444759094,-0.08886909325085202,18967.600788620948,,0.008938765646505075,0.009125185938853305,0.009574443720364418
2025-06-04,18226.869602727245,18173.770482941825,18096.89278225338,18150.46600671471,18150.46600671471,4325202,-0.005064037275646305,-0.09348309412562317,18918.965295096667,,0.008803333815216412,0.009125530841525765,0.004235577238623189
2025-06-05,18451.301351988328,18615.25704452381,18382.661958599572,18406.534724969322,18406.534724969322,1034738,0.014108107095425648,-0.08069385653373362,18882.49093736919,,0.010998179928592776,0.009297508887196696,0.012636549432018323
2025-06-06,18363.542942888096,18390.53192780983,18372.395150679262,18374.246284106244,18374.246284106244,4924863,-0.001754183573689061,-0.08230648826979359,18858.71259369345,19211.566760983293,0.0109947586735724,0.009287780060733608,0.0009870759785262657
2025-06-09,18396.351639396125,18503.963563928304,18251.070710772052,18320.543378487917,18320.543378487917,3133446,-0.0029227269945096834,-0.08498865586921389,18824.35503298373,19177.533557646115,0.010722404042088107,0.009064451628696912,0.013803785615507484
2025-06-10,18375.541643483914,18518.108693836075,18349.923139193965,18399.291100253056,18399.291100253056,1762365,0.004298328938081797,-0.08105563613006339,18790.00334598494,19150.489085997062,0.009922121362284783,0.008801767559921176,0.009140871445845924
2025-06-11,18502.73767045249,18656.58223552581,18479.615570608414,18499.58656471446,18499.58656471446,3087241,0.005451050473353591,-0.07604642402040451,18747.466913932036,19129.144691149162,0.010219342026802324,0.00885356935508341,0.009565979450315756
2025-06-12,18553.624286710998,18541.119880572216,18511.838912588395,18522.146050637482,18522.146050637482,3208081,0.0012194589238039288,-0.0749197005869956,18703.482801031227,19112.799004385193,0.0064856295101892196,0.008004467242788683,0.0015808626011138303
2025-06-13,18623.57727294779,18708.035769864786,18589.97471481094,18612.880619434338,18612.880619434338,1931390,0.004898707123288881,-0.07038800313464688,18678.54665129222,19098.342072724718,0.005670094623380856,0.008042455736948216,0.0063429759996726405
2025-06-16,18408.566123147037,18534.494734435124,18323.617778815682,18439.60331252334,18439.60331252334,3994805,-0.009309537328148543,-0.07904226072015963,18645.60694604381,19079.070401961602,0.005345644158610846,0.008158405672088611,0.011436089597232494
2025-06-17,18295.578930309613,18463.88653046058,18242.146737444637,18364.94828497454,18364.94828497454,1814784,-0.0040486243810948785,-0.08277087267736605,18607.978149784823,19059.559332191606,0.005556539160869549,0.008124323332801237,0.01207407663638023
2025-06-18,18468.00446278925,18533.603479398254,18272.31909756169,18429.683986571945,18429.683986571945,3206210,0.0035249596455639853,-0.07953767701781789,18570.93038537919,19042.925605491582,0.005537091287945967,0.008166749242618374,0.014177366363250716
2025-06-19,18410.624140745065,18439.96005257109,18354.21132441809,18368.83310684978,18368.83310684978,4520884,-0.0033017863880087095,-0.08257684698651535,18530.31423936248,19024.684469984288,0.005495969838186817,0.00816759833558475,0.004668164148163642
2025-06-20,18434.198015690774,18493.559323202775,18340.851709880026,18451.435779660605,18451.435779660605,4254351,0.004496892771050476,-0.07845129344173463,18503.80014178467,19008.385514847367,0.005341430602724859,0.007813031328577035,0.008276191356939386
2025-06-23,18496.17033241918,18534.18959113049,18443.673602061685,18519.35672300895,18519.35672300895,1747694,0.0036810654823520306,-0.07505901230771683,18489.353645077797,18982.921001878556,0.005540082907285446,0.007671077101163981,0.0048876421801598065
2025-06-24,18706.914738711625,18781.76725491772,18614.959516552623,18698.049436627072,18698.049436627072,4207200,0.00964896979364882,-0.06613428465656623,18479.51424538852,18959.134447642515,0.00645646942559036,0.007858095362587232,0.008921130459647906
2025-06-25,18842.26489058836,18896.312141998398,18694.045943179855,18809.599386658352,18809.599386658352,1346969,0.0059658602577425945,-0.0605629722993305,18480.203023507587,18945.089616447898,0.004919832699299788,0.007480225415337569,0.010753349641354413
2025-06-26,18646.60376577784,18753.370658100856,18623.53784599477,18653.453462536843,18653.453462536843,4398085,-0.008301395522132382,-0.06836161063441015,18470.804307001723,18926.380468423722,0.006047430160760392,0.0075666447832813165,0.006960256038745703
2025-06-27,18842.111074879962,18963.474612325215,18733.73982155318,18835.838043610293,18835.838043610293,2614916,0.00977752357973527,-0.059252494314601556,18484.371439832008,18907.950668096975,0.006695084301073466,0.007370174022864244,0.012196685395156557
2025-06-30,18748.815350491954,18811.415550789185,18685.030858523896,18775.069995533508,18775.069995533508,4129649,-0.0032261929591924643,-0.0622875272938217,18493.720735963027,18887.469866298943,0.006683015603579733,0.0073874513721732165,0.0067315164361759815
2025-07-01,18654.582059257787,18785.08243504447,18568.98433748827,18670.78328950379,18670.78328950379,2916723,-0.005554530878155273,-0.06749608017829944,18515.11747686883,18868.9756692128,0.007387794089605621,0.007437004536808878,0.011574131315512942
2025-07-02,18791.703842065104,18787.261105132646,18612.05824995691,18771.386831444706,18771.386831444706,1616874,0.00538828716401385,-0.06247148127673152,18546.163518105328,18852.425829360833,0.007491049599100761,0.007494876737495379,0.009333506189443947
2025-07-03,18730.586424265723,18785.972142994207,18556.117886534677,18779.25370525586,18779.25370525586,1097848,0.00041908857783345965,-0.06207857378314152,18564.799467119654,18841.918163653158,0.0066798497207396865,0.007494185537498659,0.012239797175496881
2025-07-04,18720.871162007305,18710.861754920265,18591.341263205588,18677.76677148204,18677.76677148204,3592389,-0.005404204840441129,-0.06714729329465607,18579.975491488447,18830.853036259243,0.006549614939082813,0.007324405388361685,0.006399078282590253
2025-07-07,18677.236160751552,18688.773891864344,18519.175572246855,18643.950606910097,18643.950606910097,4267825,-0.0018105036317069834,-0.06883622650799381,18596.14585290955,18815.537257195578,0.005752240897140256,0.007146907854870969,0.009096694321568857
2025-07-08,18529.17870033644,18810.387128022307,18387.91982594746,18499.405434362085,18499.405434362085,3916563,-0.0077529261686865025,-0.07605547049483286,18601.151569615005,18792.960194133946,0.0044173697134673165,0.00721229528884422,0.022836804327242045
2025-07-09,18246.60316265077,18291.623975875733,18100.22539684036,18203.737949481885,18203.737949481885,2791218,-0.01598253986752496,-0.09082245077303075,18586.359138853375,18763.129006188785,0.0067512576416950245,0.007696917752338263,0.010514246006316535
2025-07-10,18436.82320078908,18448.7108304892,18321.940158343943,18412.116148706264,18412.116148706264,2295663,0.011447000599693391,-0.08041509482180187,18580.857643756815,18746.22304589404,0.008958045566136486,0.008006869171843962,0.006885176647887025
2025-07-11,18534.173188427718,18649.367015619093,18412.019370980208,18579.76788641728,18579.76788641728,1807177,0.00910551162924289,-0.07204180377362557,18579.20200710596,18731.425332093902,0.009556219931487211,0.0077510017107651945,0.012774521516622266
2025-07-14,18523.455962525244,18607.19726575683,18167.912781940682,18516.0388897599,18516.0388897599,1932173,-0.0034300211416510296,-0.07522472000525038,18583.02378596779,18717.0623950199,0.009543121714983257,0.007773092541424413,0.023724538840706848
2025-07-15,18288.462645817744,18390.84060926527,18342.954368859922,18352.823943375188,18352.823943375188,4116716,-0.008814787404393343,-0.08337641749524238,18582.417568887824,18701.812269539816,0.00983010629529645,0.007152850966047449,0.002609202842739225
2025-07-16,18490.556357776928,18489.3252675561,18357.905726351793,18475.101966801787,18475.101966801787,1551953,0.006662627168650959,-0.07726929631101997,18584.688467899316,18688.850791331843,0.010427322776185613,0.0071742310363804365,0.0071133323886633
2025-07-17,18239.835424206456,18568.430633510037,18211.687576701246,18275.234226644287,18275.234226644287,3800308,-0.01081822122100573,-0.08725160119094166,18580.00852388904,18671.63503827435,0.010803407057815219,0.006999041815420299,0.019520573711098017
2025-07-18,18200.651065225655,18304.24872647513,18134.666805388973,18185.18989260942,18185.18989260942,4896958,-0.004927123391041732,-0.09174882517684968,18566.696229536483,18658.34257297412,0.00902796522149993,0.007046914477255994,0.009325276342320443
2025-07-21,18268.029157456782,18336.82737752168,18153.54514574458,18251.68636953835,18251.68636953835,3476293,0.003656628131001982,-0.0884276883809757,18553.312711862953,18643.222408511243,0.007756363139987167,0.007065497125353798,0.010041934102209462
2025-07-22,18168.048450839557,18274.80623084987,18065.287225824824,18208.4458078779,18208.4458078779,3973469,-0.0023691269280530225,-0.0905873188912999,18528.83253042549,18625.66482786422,0.006281964537849408,0.007027090616286256,0.011506693500133724
2025-07-23,18393.63955100845,18479.08567902143,18206.07542817922,18351.332423110845,18351.332423110845,3816871,0.007847271356412389,-0.08345091080767741,18505.919182248115,18605.685172210986,0.007449782308019572,0.007108143000900117,0.01487686259218937
2025-07-24,18342.204312099395,18406.505434508832,18359.685149547677,18384.652470482997,18384.652470482997,4766615,0.0018156745572430744,-0.08178675594596663,18492.47913264542,18585.341655447577,0.006696550663566039,0.0071132067014983745,0.002546704923377059
2025-07-25,18304.384400952214,18393.20273368061,18237.4689291343,18328.005656781224,18328.005656781224,2876430,-0.003081201224375607,-0.0846159557177838,18467.087513303974,18569.669696298908,0.006134634497654381,0.007064078228722547,0.008497040401593875
2025-07-28,18572.66111878818,18597.486516280587,18346.508520640764,18535.009400875806,18535.009400875806,2026064,0.011294395471663998,-0.07427724631320931,18455.084483571085,18558.401935966598,0.00600332803628273,0.007177708472368468,0.01354075361990182
2025-07-29,18351.842071604482,18391.60215754887,18319.031010215494,18376.686304260413,18376.686304260413,2055587,-0.008541840642816823,-0.08218462255463144,18440.379634308916,18543.585177848716,0.006803953797156536,0.007314921177636067,0.003949087780670833
2025-07-30,18426.085619708578,18419.183735440143,18270.441641691705,18410.970779895568,18410.970779895568,4374798,0.0018656505894214526,-0.08047229975472037,18422.35883173146,18528.39180795294,0.006743508938699895,0.007293961095131344,0.008078992440249922
2025-07-31,18401.799700934615,18468.830470310142,18368.08356087233,18447.708042441347,18447.708042441347,2329817,0.001995400621997323,-0.07863747360970719,18405.781548590734,18513.722848258083,0.006550889659145806,0.007275572800271657,0.005461215518265604
2025-08-01,18380.030514332764,18440.94808819475,18318.83889391959,18372.239380647898,18372.239380647898,3938298,-0.004090950573362506,-0.0824067221653183,18390.50517904903,18501.53328124671,0.00628873689666301,0.0072683380021516105,0.0066463968678625454
2025-08-04,18241.15345789499,18235.6659002213,18046.530163318752,18202.10980454061,18202.10980454061,4296220,-0.009260143664712395,-0.09090376774384179,18368.413138930555,18489.409744194592,0.00714371803743527,0.007417596568770911,0.010390868912095313
2025-08-05,17903.19528486032,18151.582917157175,17763.36860640372,17891.208137831098,17891.208137831098,3789151,-0.017080529128109978,-0.10643161241914811,18338.003274104,18469.33715834296,0.009320020876153376,0.007748344395180601,0.021698607928693856
2025-08-06,17964.286780291615,17985.27853856721,17886.291491028496,17956.765112132704,17956.765112132704,4934749,0.003664200527799144,-0.10315739866174978,18325.654632236543,18452.55598410008,0.007602609221552555,0.007683607894092273,0.005512521154037509
2025-08-07,18040.287583988575,18202.159310478153,17801.27247940354,18026.878777178637,18026.878777178637,2156362,0.003904582178811289,-0.09965560302336574,18306.392763660166,18436.265003790566,0.007945479560396864,0.007634978386837279,0.022238282956787987
2025-08-08,17769.23386138035,17807.812735567077,17737.5333509607,17782.467659339443,17782.467659339443,4984065,-0.013558149519960705,-0.11186260697703376,18266.527752306272,18420.624449237264,0.008577147459148891,0.0076761135658482485,0.003952172777857682
2025-08-11,17888.41511992471,18037.881878406242,17912.04853796209,17943.778568951464,17943.778568951464,1749607,0.009071345591751934,-0.10380600575196486,18237.914736265848,18407.73833915803,0.009850193648370148,0.007926454293007364,0.007012644519693489
2025-08-12,17899.974534541503,17947.499785562548,17881.21989295821,17937.749542767226,17937.749542767226,1181626,-0.00033599535131745295,-0.10410712276791079,18217.161016235452,18401.636360585617,0.009940343523126104,0.007891089806581566,0.0036949948735940934
2025-08-13,17882.016208790876,18034.488649171908,17775.385633693728,17897.403366485494,17897.403366485494,4560987,-0.0022492328920937776,-0.10612219449517368,18188.276086219637,18396.57510778103,0.009595245849412595,0.007790293946188129,0.01447712889811569
2025-08-14,17654.303530738587,17839.80992502381,17691.296706145113,17705.956682787557,17705.956682787557,2840061,-0.010696897185456411,-0.11568391347702023,18159.8122090268,18382.563546937396,0.00816003597926651,0.007955587949973994,0.008387754558502302
2025-08-15,17543.87186628053,17727.163923916105,17435.139734608983,17578.6827534534,17578.6827534534,2969280,-0.007188198390764455,-0.12204055294709182,18129.486852069,18366.65227632434,0.008055107803684635,0.007989056204555865,0.016612404547192382
2025-08-18,17540.218833085375,17672.70951583078,17574.636476808482,17584.479341022456,17584.479341022456,2302179,0.000329750963161235,-0.12175104497380962,18096.1265006432,18351.930995575032,0.00764682130693003,0.008000249801306624,0.005577250091988999
2025-08-19,18035.17365959157,17944.804028218015,17914.04505431069,17941.60273675383,17941.60273675383,2815423,0.02030901164632426,-0.10391467671781063,18082.784347087003,18342.777228305047,0.010439696010894789,0.008885903341380189,0.0017143938787762753
2025-08-20,18024.71494302646,18245.182301605168,17958.988066350954,18032.16454606418,18032.16454606418,1159890,0.005047587478059112,-0.09939160766073885,18066.825953234667,18333.428787932044,0.010045080651637783,0.0084820517405438,0.015871318971336715
2025-08-21,17791.77272216207,17854.87479148612,17744.995257571965,17830.5079664043,17830.5079664043,4922707,-0.011183159910987839,-0.10946325532944645,18039.118728030735,18319.596026247378,0.01102821222301834,0.008409062237501468,0.006162445518724759
2025-08-22,17774.78630420986,17831.98462901745,17676.1467214123,17800.705997044257,17800.705997044257,1135666,-0.001671403272200389,-0.11095170135850352,18012.753745043883,18303.352533799574,0.011017753092930765,0.008188210347407887,0.00875459139828645
2025-08-25,17912.52551858214,17930.46888789293,17835.00377632437,17862.539733666945,17862.539733666945,2419066,0.0034736676530107147,-0.10786344304154838,17979.130261683444,18291.811262222447,0.010146930061895697,0.008225953246971285,0.005344431026716126
2025-08-26,18034.652279270213,18105.63969922227,18058.83778626205,18074.81638199405,18074.81638199405,2308098,0.011883900693416605,-0.09726138079368751,17964.036765570123,18286.008624162838,0.010047163629906262,0.008427720111630599,0.002589343757142763
2025-08-27,18072.733951843933,18047.9598788563,17968.90941410522,18028.92168738901,18028.92168738901,1845082,-0.0025391513603844063,-0.09955357078671678,17944.934310944795,18277.99337817918,0.01027896044030826,0.008325846902118628,0.0043846474083015854
2025-08-28,17968.39485718975,17987.168015720334,17963.14433742626,17969.942865527642,17969.942865527642,3875905,-0.003271344946970567,-0.10249924166294133,17921.04605209911,18270.01557335274,0.007341034006533729,0.008123679107213963,0.0013368811728477561
2025-08-29,18042.26779564686,18220.063166161177,17968.846294965046,18059.927637155073,18059.927637155073,4580939,0.005007515733400192,-0.09800499249482986,17905.43046492447,18262.18541050263,0.0073366823709648775,0.008140703407475055,0.013910181493711937
2025-09-01,18059.774295492643,18122.243539443865,18072.14666832579,18094.93516662567,18094.93516662567,2042018,0.0019384091771539325,-0.09625655709453484,17900.071733028723,18253.69697937496,0.005333633491235515,0.00811866082376027,0.0027685576464774823
2025-09-02,17815.624220299367,17879.180498516413,17756.744445633743,17824.11514074552,17824.11514074552,2901531,-0.014966620404346598,-0.10978254214741823,17896.717083174444,18236.21829345733,0.008395852032796757,0.00854627036465461,0.006869123763837406
2025-09-03,17782.70000570827,17821.49741357899,17603.464069776564,17766.283196157307,17766.283196157307,2674763,-0.00324458993512744,-0.1126709327512414,17887.192987375674,18215.35196964731,0.008345507904537945,0.008403578699547113,0.012272310499338614
2025-09-04,18048.37792863227,18119.260097101753,17989.090872410103,18042.75744202502,18042.75744202502,3155748,0.015561738086417032,-0.09886255021025148,17887.986920617994,18203.13804923707,0.009330496042039886,0.00892360942462155,0.007214486206440989
2025-09-05,18220.85366242991,18210.497911319286,18137.635831120875,18176.394605155852,18176.394605155852,1754943,0.0074066928827389855,-0.0921881018745242,17907.683267908815,18189.949180467982,0.009668951664414501,0.009027365445486176,0.004008610166162595
2025-09-08,18341.69749073937,18372.41662240475,18297.756846013122,18352.76751760456,18352.76751760456,3922742,0.009703404678432559,-0.08337923565511673,17928.132715341468,18181.503130909405,0.00990857940570964,0.008961717710601278,0.0040680391292491885
2025-09-09,18334.01657850462,18424.911005570826,18316.13038956759,18354.353775501153,18354.353775501153,3395657,8.643153655563118e-05,-0.0833000107140156,17948.962926978165,18175.174540629352,0.009921781382498723,0.008825189714860706,0.0059266927800223045
2025-09-10,18490.923933957933,18633.404888601817,18414.0631785595,18462.426709452673,18462.426709452673,2357939,0.005888136148697987,-0.07790235636958975,17977.21409412652,18168.99533818951,0.010006088409826797,0.008884913077356811,0.011880437685367529
2025-09-11,18753.18661261943,18744.72238220415,18600.58191038043,18729.055258305896,18729.055258305896,3224260,0.014441684890573514,-0.06458571276193903,18028.36902290244,18167.991369250514,0.0069526910947157435,0.009257727972453972,0.00769608876880185
2025-09-12,18781.87525305932,18910.521023444835,18588.843394202704,18773.867798021627,18773.867798021627,1801072,0.0023926748625431316,-0.062347570510800865,18088.128275130854,18169.913389781304,0.005779517030258413,0.0092213530460938,0.017134329095255963
2025-09-15,18606.050130018604,18643.676918490026,18599.330690906776,18630.326947716392,18630.326947716392,3817418,-0.007645779327388302,-0.06951665407246477,18140.420655465547,18169.64091659743,0.007160577838952371,0.009165390585139495,0.0023803247096898417
2025-09-16,18681.213460318373,18749.97287470535,18458.427754520075,18651.205351759207,18651.205351759207,3942866,0.001120667613692783,-0.06847389152160333,18175.900786215814,18172.676914945372,0.007145606519804865,0.00851953499497312,0.01563143586094155
2025-09-17,18448.057701630856,18526.721756813622,18368.63550308862,18507.592538142235,18507.592538142235,2775395,-0.007699921313848335,-0.0756465692586823,18199.67218581972,18178.75400671858,0.007718389525968745,0.008667785876189455,0.008541697327688827
2025-09-18,18219.77246816577,18376.052002889093,18230.685509530358,18319.25686760115,18319.25686760115,3278877,-0.010176130155931662,-0.08505291007998794,18224.10963087956,18176.896821096478,0.008861066459956107,0.008886024115546537,0.007935174139941542
2025-09-19,18114.055382118004,18260.056050584866,18155.309401508854,18182.21386223245,18182.21386223245,1240588,-0.007480816845309435,-0.09189746168282842,18243.185024138973,18168.94574061278,0.00876031543161699,0.008617956602013015,0.005760940327161653
2025-09-22,18184.69511144954,18302.220497866063,18084.944913333875,18211.89894343127,18211.89894343127,2619879,0.0016326439356475486,-0.09041485358069878,18260.652984627188,18162.86294168621,0.005416842030754957,0.008476944921513636,0.011930418964385686
2025-09-23,18056.657551486132,18363.234190383755,18076.07204617257,18088.099901702943,18088.099901702943,1064483,-0.006797700893952152,-0.09659794134363886,18261.31716061263,18157.568460852766,0.004678392568709855,0.008581137728150471,0.01587574956859625
2025-09-24,18087.8339867036,18111.704324587932,17956.068163129632,18098.371682462508,18098.371682462508,1926492,0.0005678750568265389,-0.09608492184824213,18264.789660366307,18150.03385516598,0.005008183246853423,0.008567526681597864,0.008599456580346014
2025-09-25,17935.22297823705,18162.40918869611,17942.069099518678,18029.42307115475,18029.42307115475,1396389,-0.0038096582674655988,-0.09952852939880974,18267.763670647662,18145.11763205619,0.00446579305456668,0.008349202335149334,0.012221139207163789
2025-09-26,18244.419516441114,18279.977296613364,18182.243421672236,18189.96170196464,18189.96170196464,3476842,0.008904257788854952,-0.09151049929306743,18274.26537388814,18145.21306824329,0.006588475889914972,0.008346049946707094,0.005372956608840599
2025-09-29,18262.12192208838,18337.729761510513,18137.10593961572,18288.204128798177,18288.204128798177,4804032,0.00540091444078894,-0.08660382522939425,18283.928821996764,18145.94342342849,0.006161314726355553,0.008379655627736758,0.010970121531991844
2025-09-30,18391.676767123106,18357.919765604376,18311.885707532594,18343.734805586584,18343.734805586584,2021752,0.003036420437858345,-0.08383037041645913,18309.90980523882,18148.64920338266,0.005322617104445077,0.0075875195109091345,0.0025095248355728726
2025-10-01,18190.13524845817,18426.457724640004,18117.580857338548,18224.609526613465,18224.609526613465,3406467,-0.006494058065909192,-0.08978002918919714,18332.826121761627,18146.114745452713,0.006066297065219603,0.007655291298099295,0.016948339378706715
2025-10-02,18103.04846787189,18218.761450662474,17935.734536730564,18124.62483101135,18124.62483101135,4414531,-0.005486246246105053,-0.09477372008718776,18336.919491210945,18140.914192663284,0.005832972961776324,0.007425724343310744,0.015615601237033547
2025-10-03,17898.09339968931,18018.15600613657,17831.524851295162,17934.6821362818,17934.6821362818,4607284,-0.01047981387203989,-0.10426032301275312,18324.83386776724,18133.047722253294,0.007105159164168533,0.00768703714716343,0.010406159051118866
2025-10-06,18122.002788242775,18199.364457764783,18124.69031552776,18131.90990260399,18131.90990260399,3228773,0.010997003728502097,-0.09440987044515714,18313.79098701721,18124.985732287856,0.008324373517460952,0.007914230091517375,0.004118382599413712
2025-10-07,18179.269645859105,18352.345510880095,18168.723989833077,18173.47041585917,18173.47041585917,4913674,0.0022921199960965755,-0.09233414920093674,18304.746819035114,18120.92141451983,0.0076004267864116124,0.007628281412013221,0.010103822596634044
2025-10-08,17986.360434221555,17982.586534743128,17779.45295900763,17929.94565681766,17929.94565681766,1225576,-0.013400014057248888,-0.10449688436092897,18278.122766403365,18111.300912058272,0.008588286725077344,0.008011334125322457,0.011329291210554118
2025-10-09,18101.341532599592,18097.67196014622,18022.854988169613,18049.803878593797,18049.803878593797,1413401,0.006684806751244166,-0.09851061908774472,18244.160197417757,18103.342828781322,0.00909651995609598,0.008083571182877863,0.004145029634661996
2025-10-10,17927.40947178597,18082.56062062524,17860.56985204628,17978.26922910137,17978.26922910137,1574243,-0.003963181537792959,-0.10208338515869253,18204.380268971745,18095.463425750393,0.008949734209399733,0.00806471119091039,0.012347727456413122
2025-10-13,18107.370263656692,18164.695611701587,18014.47448483404,18078.313350565782,18078.313350565782,4976023,0.005564724845841695,-0.09708672626259107,18176.779589114216,18092.987496670896,0.009184913482912649,0.008123582945719089,0.00830946581987662
2025-10-14,17973.573190837804,18035.45807042777,17995.12623315662,18000.977548394356,18000.977548394356,3865436,-0.004277821756475175,-0.10094922830919517,18144.268198945974,18095.18288488216,0.008298970083138443,0.007665980021500211,0.002240535946601682
2025-10-15,18016.624110900575,18240.315869058944,17945.562683431504,18051.53376336587,18051.53376336587,1925055,0.0028085260834085357,-0.09842422076659296,18121.465260207155,18097.07825790682,0.007067899191887591,0.007647539126770427,0.016328428902014837
2025-10-16,18198.44501516027,18211.107462466476,18052.92484635608,18156.79949081845,18156.79949081845,1575443,0.005831400745913706,-0.09316677109507354,18113.34239136802,18099.67667217962,0.0074277869001334465,0.007181458594792689,0.00871203188592716
2025-10-17,17880.95318542241,17939.67187333548,17845.09412229145,17866.70992813613,17866.70992813613,3453772,-0.015976910623979212,-0.10765516454414203,18097.567194663203,18101.361517555553,0.00821818550408493,0.007631134812692229,0.005293518024551819
2025-10-20,17888.11337850713,17980.99729644177,17817.513990807714,17856.68639679253,17856.68639679253,2739928,-0.0005610171869312452,-0.10815578533350212,18079.806567331267,18099.61967411237,0.007598997409615113,0.007381854624010611,0.00915529914124601
2025-10-21,17625.732850400134,17721.986101392053,17436.230381934376,17621.7821886714,17621.7821886714,1187109,-0.013154971919276393,-0.11988797093380898,18056.49068167969,18093.300327030458,0.008793697968344134,0.007710231738360176,0.01621605104399609
2025-10-22,17786.897536490495,17811.906595531418,17630.29308839568,17760.150653029283,17760.150653029283,3471485,0.007852126582680974,-0.11297721987464104,18039.57963020803,18090.555272761336,0.009190892216920186,0.007781623096321397,0.010225899018754175
2025-10-23,17764.35550152356,18003.342468226634,17721.236227746434,17782.053771784893,17782.053771784893,1219984,0.001233273252210454,-0.11188327840581114,18027.211165239532,18092.07721454128,0.009248776559147673,0.007215517490868641,0.015864660184968214
2025-10-24,17965.50911024036,18047.8348331961,17787.17317691987,17967.49901228782,17967.49901228782,4914567,0.010428786397956857,-0.1026212988198516,18016.088030755694,18099.85353971797,0.010262159448633571,0.007515724320280212,0.014507397835278246
2025-10-27,18117.690505341714,18244.514856075817,18058.721379632603,18100.133995583434,18100.133995583434,2420328,0.007381939089291523,-0.0959969039077122,18006.68452409496,18110.16663280919,0.010439841504161667,0.007587950139686727,0.010264756961940107
2025-10-28,18013.026585145584,18109.097494153237,17983.379657682613,18028.469998224373,18028.469998224373,4887112,-0.003959307559631697,-0.09957613020000089,17990.921283726846,18111.9039780386,0.008198855285054691,0.007597193200959597,0.006973294821080506
2025-10-29,17999.3768220398,18058.453315548464,17945.686000623682,18022.358585472433,18022.358585472433,3878463,-0.0003389867666275803,-0.09988136197621866,17980.808736669795,18111.707858826765,0.00819080330841064,0.007494978780868766,0.006257078638735012
2025-10-30,17978.799432604977,18144.43898258159,17788.15993552738,17992.852174544674,17992.852174544674,3331540,-0.001637211399818872,-0.10135504647158067,17974.220103846463,18114.954742989572,0.005509643298543961,0.007288194467940135,0.019801143453968575
2025-10-31,18106.759476008414,18222.90617514945,17961.80842471516,18117.42995823521,18117.42995823521,4091235,0.0069237374087240955,-0.09513306478967487,17983.35749494413,18121.289222213392,0.005382936361561635,0.007291924702555082,0.01441141216144772
2025-11-03,17982.171046815973,18065.39372434873,17888.06769396392,17926.48109875991,17926.48109875991,4088215,-0.010539511394026757,-0.10466992016340215,17973.086054751926,18122.568049515252,0.007427404751487112,0.007527422748039257,0.00989184823323066
2025-11-04,17831.355168780887,17927.028326084146,17797.95576844605,17875.85916468829,17875.85916468829,4161999,-0.0028238634114936545,-0.10719821001706242,17958.20549219338,18118.588905169134,0.006276894565469392,0.0074472982450979166,0.007220495331103603
2025-11-05,17881.298677924875,17965.068867513248,17888.981986302253,17903.984659904683,17903.984659904683,2826127,0.0015733786531475502,-0.10579349473921129,17956.907442347736,18116.09016461945,0.005342788791025962,0.007453908097586701,0.0042497177391683395
2025-11-06,17958.781959833042,17926.776436846478,17791.53908834273,17891.888889886377,17891.888889886377,4834383,-0.0006755909507336622,-0.10639761256225266,17949.011692912365,18114.52908510662,0.0052384241683561955,0.007425408984879083,0.007558584190637954
2025-11-07,18204.539539383495,18194.907902520197,18131.03368379784,18160.093085138276,18160.093085138276,2793374,0.014990267204459728,-0.0930022740000177,17958.10288571421,18116.53239406629,0.00804775061861093,0.007759162005869349,0.003517284764064939
2025-11-10,18157.46332692889,18239.217794860324,18067.436195115213,18176.042286764077,18176.042286764077,2574844,0.0008782554996291658,-0.09220569825900704,17962.98933252412,18118.154536469054,0.007960011735970158,0.007693752528189942,0.009450990322035249
2025-11-11,18338.441704359775,18467.893744364275,18031.77498935812,18271.897865243496,18271.897865243496,2643560,0.005273732145155696,-0.08741823426872641,17976.535348366582,18127.110190959014,0.0077944874242031744,0.007736692346188551,0.023868278939744563
2025-11-12,18355.35552497576,18411.09908641541,18277.999344520213,18328.50282602864,18328.50282602864,1398206,0.003097924539782859,-0.08459112482210918,17990.38380149972,18138.35458355644,0.005811822165284722,0.0076612471348823305,0.007261899302881316
2025-11-13,18218.196283879006,18286.86879102308,18180.447649170193,18238.165642176828,18238.165642176828,4034698,-0.004928781401802529,-0.08910297506113096,17994.452109067635,18142.262747559478,0.0062151589578159005,0.0076475986489009246,0.005835079247596124
2025-11-14,18287.945043381227,18361.157968119314,18216.095136485255,18290.882571863836,18290.882571863836,4938476,0.0028904732373467024,-0.08647005158856647,18015.66074125402,18144.552506893637,0.006188641835839158,0.007386690132811793,0.007930882015349198
2025-11-17,18301.5138200856,18274.83821195098,18234.38786856919,18264.853792619546,18264.853792619546,3432059,-0.0014230466540925413,-0.08777004732506666,18036.06911104537,18142.794232393935,0.006270056863231745,0.007132313388194064,0.0022146546499122216
2025-11-18,18406.309332104618,18483.463630030456,18342.452822777144,18382.410861932723,18382.410861932723,4218342,0.006436244748954989,-0.08189871208232313,18074.10054470844,18143.35537412257,0.00393550826237286,0.007212544637358608,0.007670963744223774
2025-11-19,18248.995201103167,18314.753439033735,18222.099509095377,18225.57033313102,18225.57033313102,2366921,-0.00853209788311804,-0.08973204213745345,18097.371528713527,18138.618246596136,0.005555365612951971,0.006940868083109999,0.00508373281300993
2025-11-20,18427.564025480457,18662.500869073403,18369.794142286635,18391.954727375887,18391.954727375887,4302133,0.009129173529478285,-0.08142204799180242,18127.866576493077,18131.876235977536,0.006264693690639753,0.007028930921555664,0.015914932976160628
2025-11-21,18407.54243700604,18427.394832578797,18189.41230748347,18393.44356055513,18393.44356055513,1327474,8.0950241630795e-05,-0.08134768888463062,18149.163803906442,18124.267751228206,0.006195923796718734,0.0069759858667986915,0.012938443218195456
2025-11-24,18466.361909163967,18817.944222228685,18397.199602154513,18524.765509069406,18524.765509069406,3973365,0.007139606462592818,-0.0747888729073155,18170.395379580743,18122.156522455265,0.00610485730890265,0.007018989036356497,0.022712547690181724
2025-11-25,18480.62262504,18691.32717769899,18511.011421852552,18532.740205211507,18532.740205211507,1951775,0.0004304883718067032,-0.07439058027563594,18195.6088899301,18119.78721952431,0.00613231114988368,0.006952998769972408,0.009729578780569723
2025-11-26,18578.18507734232,18658.999059493373,18539.07987149358,18563.32905974425,18563.32905974425,4458602,0.0016505305850098573,-0.07286283361860768,18222.657413643687,18120.90194995635,0.005962877531752841,0.0069457903098110755,0.00646000443206304
2025-11-27,18452.790585239374,18456.602769277433,18429.015469492908,18437.16358434525,18437.16358434525,2907381,-0.006796489734839595,-0.07916411185270711,18244.872984133715,18123.260084291232,0.0065172349558792544,0.007022340249168478,0.0014962876289685576
2025-11-28,18207.673837758768,18206.877746422364,18146.674889993574,18206.057884330832,18206.057884330832,1572483,-0.012534775154386835,-0.09070658266472353,18249.304380438498,18123.7369647332,0.007532473344557619,0.0067667215224982155,0.0033067486004537123
2025-12-01,18315.19332808384,18379.470834679953,18205.772090468236,18350.284956377902,18350.284956377902,2946459,0.007921927578358412,-0.0835032260651154,18270.494573319396,18126.504684992135,0.007295263722444986,0.006890501016736996,0.009465724626327698
2025-12-02,18503.445740144936,18502.428828262367,18447.159455647867,18485.635010322632,18485.635010322632,1061477,0.007375910197933377,-0.07674322816387602,18300.983365601114,18134.455387164526,0.007858260406378591,0.006448497701917217,0.0029898552353564037
2025-12-03,18800.425360600057,18904.4392036269,18788.563282244646,18821.12752395163,18821.12752395163,1753901,0.018148822771933526,-0.05998720463883478,18346.840508803463,18148.91050399431,0.010126601543688918,0.007038829151011051,0.006156693919362133
2025-12-04,18728.57066863301,18879.48077063034,18695.085408313593,18753.53071351352,18753.53071351352,1591310,-0.0035915388359218925,-0.06336329709963795,18389.92259998482,18163.392656841486,0.010362619894282497,0.007110755539775952,0.00983256780462543
2025-12-05,18815.52603037385,18816.305756707035,18685.205666226753,18759.26288689493,18759.26288689493,3213684,0.0003056583567637716,-0.06307700626414481,18419.881090072653,18174.778680540094,0.01037699489202961,0.00692487783397072,0.006988552336556236
